{
  "iteration": 1009,
  "temperature": 0.0608184846923652,
  "best_scores": [
    0.9878567496506063,
    0.9889733494954789,
    0.9524265957807656,
    0.9942458924474424,
    0.9708023826710173,
    0.9899592022481832,
    0.9491134944776887,
    0.9172651128306586,
    0.9757814689130546,
    0.9588165732812766,
    0.907387249519407,
    0.9418588720040958,
    0.8779956167904321,
    0.9409955563367969,
    0.9137544512875239,
    0.8461440917923617,
    0.9711792408871394,
    0.871625483151477,
    0.9737164893405392,
    0.8766452911096307,
    0.9687062811566487,
    0.9817196494270631,
    0.9050116731826436,
    0.9665535137258106,
    0.9467681703871318,
    0.9560497241185988,
    0.8441049045365178,
    0.868694527257765,
    0.960687425485583,
    0.8345782840813546,
    0.8636824748717504,
    0.9683440622866992,
    0.884392062550232,
    0.8714884165688039,
    0.8834093316167161,
    0.8635647479244504,
    0.9645264666508302,
    0.8738212128597307,
    0.8549456532556504,
    0.8906194502353162,
    0.86988733127052,
    0.9204481707973956,
    0.8546374655270208,
    0.8652184093517216,
    0.828053375297531,
    0.8893647114337342,
    0.9469273949459667,
    0.8707001381729622,
    0.8965105369847436,
    0.8421263393311691,
    0.8917174979150219,
    0.8769238957859596,
    0.8620593276599665,
    0.8559242592165086,
    0.9318763461365578,
    0.9202112076971366,
    0.9170128171257899,
    0.8963722709352853,
    0.8256015951778333,
    0.8459474554091194,
    0.9219171426830208,
    0.8592676639255427,
    0.870710512581301,
    0.8696844955592175,
    0.8241547678846802,
    0.8891203571651471,
    0.7631127587356556,
    0.8620334482239074,
    0.8707588871240985,
    0.9754334852278285,
    0.970919776538239,
    0.8686011234267711,
    0.9072691086583493,
    0.908688413799964,
    0.8208547799095051,
    0.8605016626940126,
    0.8895011320441921,
    0.8960936994346316,
    0.8426931462551659,
    0.8047593749321006,
    0.8467486603904415,
    0.9664544541764498,
    0.8529813063436014,
    0.8408913413081189,
    0.7282106352614387,
    0.8571253646518429,
    0.986325285620858,
    0.9198018729747474,
    0.8662930076346114,
    0.47458535393668677,
    0.8813052429534776,
    0.85813028640929,
    0.8665184687486884,
    0.9220983904363254,
    0.8269331862262228,
    0.8793676902049801,
    0.8918130759522783,
    0.8641250365938076,
    0.9799480774156972,
    0.9166171233261566
  ],
  "stagnation": [
    0,
    0,
    0,
    0,
    0,
    0,
    0,
    0,
    0,
    0,
    0,
    0,
    0,
    0,
    0,
    0,
    0,
    0,
    0,
    0,
    0,
    0,
    0,
    0,
    0,
    0,
    0,
    0,
    0,
    0,
    0,
    0,
    0,
    0,
    0,
    0,
    0,
    0,
    0,
    0,
    0,
    0,
    0,
    1,
    0,
    0,
    0,
    0,
    0,
    0,
    0,
    0,
    0,
    0,
    0,
    0,
    0,
    0,
    0,
    0,
    0,
    0,
    0,
    0,
    0,
    0,
    0,
    0,
    0,
    0,
    0,
    0,
    0,
    0,
    0,
    0,
    0,
    0,
    0,
    0,
    1,
    0,
    0,
    0,
    0,
    0,
    0,
    0,
    0,
    0,
    0,
    0,
    0,
    0,
    0,
    0,
    0,
    0,
    0,
    0
  ],
  "noise_multipliers": [
    0.5,
    0.5,
    0.5,
    0.5,
    0.5,
    0.5,
    1.0,
    1.0,
    0.5,
    0.5,
    1.0,
    1.0,
    1.0,
    1.0,
    1.0,
    1.0,
    0.5,
    1.0,
    0.5,
    1.0,
    0.5,
    0.5,
    1.0,
    0.5,
    1.0,
    0.5,
    1.0,
    1.0,
    0.5,
    1.0,
    1.0,
    0.5,
    1.0,
    1.0,
    1.0,
    1.0,
    0.5,
    1.0,
    1.0,
    1.0,
    1.0,
    1.0,
    1.0,
    1.0,
    1.0,
    1.0,
    1.0,
    1.0,
    1.0,
    1.0,
    1.0,
    1.0,
    1.0,
    1.0,
    1.0,
    1.0,
    1.0,
    1.0,
    1.0,
    1.0,
    1.0,
    1.0,
    1.0,
    1.0,
    1.0,
    1.0,
    1.0,
    1.0,
    1.0,
    0.5,
    0.5,
    1.0,
    1.0,
    1.0,
    1.0,
    1.0,
    1.0,
    1.0,
    1.0,
    1.0,
    1.0,
    0.5,
    1.0,
    1.0,
    1.0,
    1.0,
    0.5,
    1.0,
    1.0,
    1.0,
    1.0,
    1.0,
    1.0,
    1.0,
    1.0,
    1.0,
    1.0,
    1.0,
    0.5,
    1.0
  ],
  "candidate_labels": [
    1,
    0,
    3,
    0,
    0,
    0,
    6,
    5,
    2,
    0,
    2,
    3,
    3,
    2,
    7,
    6,
    0,
    3,
    1,
    4,
    5,
    5,
    4,
    0,
    5,
    5,
    5,
    4,
    7,
    3,
    6,
    0,
    6,
    4,
    5,
    5,
    7,
    4,
    7,
    4,
    0,
    5,
    1,
    8,
    1,
    7,
    1,
    1,
    6,
    3,
    2,
    0,
    1,
    9,
    7,
    3,
    8,
    8,
    0,
    8,
    4,
    2,
    6,
    6,
    5,
    9,
    9,
    3,
    7,
    9,
    8,
    1,
    8,
    4,
    4,
    8,
    3,
    8,
    4,
    9,
    5,
    1,
    3,
    7,
    9,
    0,
    8,
    0,
    9,
    8,
    4,
    8,
    9,
    9,
    5,
    3,
    5,
    5,
    1,
    2
  ],
  "last_submit_score": 0.8898278428964086,
  "timestamp": "2026-02-15 11:25:04"
}