{
  "iteration": 1001,
  "temperature": 0.0776,
  "best_scores": [
    0.9866404344015818,
    0.9865383211286043,
    0.9517016065537056,
    0.9942252543932311,
    0.9696202585975456,
    0.9895947931570483,
    0.9493568093447283,
    0.9158399234914428,
    0.9755924623831429,
    0.9578127698712009,
    0.9068526558928068,
    0.9358186906728321,
    0.8705476642290682,
    0.9420536643598088,
    0.9110374886295177,
    0.8418765009534387,
    0.9713109625625407,
    0.8681119889990613,
    0.9732455976750036,
    0.8749714687620603,
    0.9574483973782526,
    0.9793799992885058,
    0.8998053826673198,
    0.9660518079277479,
    0.937464802978023,
    0.948070047343896,
    0.8426390980892673,
    0.8648476488444213,
    0.9558456081640053,
    0.8276134300438253,
    0.8585009119625943,
    0.9675768768838652,
    0.8769180244990453,
    0.8682666790817424,
    0.8858460704606347,
    0.8571591354602108,
    0.9637404714091102,
    0.8628913752868348,
    0.8387832772156454,
    0.8839747419329831,
    0.8574644037454959,
    0.9110276626657594,
    0.844768364085298,
    0.8467212440539127,
    0.816239525624585,
    0.8472388520560881,
    0.9465133535860552,
    0.8594103641657871,
    0.8889690186615078,
    0.8382577081328854,
    0.8620248599688303,
    0.8621948719877146,
    0.8584572857607563,
    0.8065683635876413,
    0.9215189773783821,
    0.9021734153613412,
    0.9139430816893519,
    0.8405164663124107,
    0.8227142859948455,
    0.822467582840092,
    0.904390360269699,
    0.858416780886689,
    0.8653625495570747,
    0.8597423108182073,
    0.8335371676341603,
    0.781290984278819,
    0.7635885364855353,
    0.842979632774845,
    0.8431090877213573,
    0.9255251458429529,
    0.9567243025714952,
    0.8240538824526332,
    0.853074522105381,
    0.8988497484528203,
    0.818438529601789,
    0.8234399454361009,
    0.8706984484603991,
    0.8621506894035139,
    0.8424901702432733,
    0.8008563164704979,
    0.8408884946167217,
    0.9605582546917222,
    0.8538532605739527,
    0.8332670813916755,
    0.6929376362652163,
    0.842949067453264,
    0.9859921742176552,
    0.8768389056287521,
    0.8132846335723688,
    0.44707834413396313,
    0.8523036101550984,
    0.8462444906556515,
    0.8567159666954532,
    0.8664065182979771,
    0.8125324903948309,
    0.865322875446249,
    0.8522749362677748,
    0.8541260210875967,
    0.9220411802911841,
    0.9157464244835144
  ],
  "stagnation": [
    0,
    0,
    0,
    0,
    0,
    0,
    0,
    0,
    0,
    0,
    0,
    0,
    0,
    0,
    0,
    0,
    0,
    0,
    0,
    0,
    0,
    0,
    0,
    0,
    0,
    0,
    0,
    0,
    0,
    0,
    0,
    0,
    0,
    0,
    0,
    0,
    0,
    0,
    0,
    0,
    0,
    0,
    0,
    0,
    0,
    0,
    0,
    0,
    0,
    0,
    0,
    0,
    0,
    0,
    0,
    0,
    0,
    0,
    0,
    0,
    0,
    0,
    0,
    0,
    0,
    0,
    0,
    0,
    0,
    0,
    0,
    0,
    0,
    0,
    0,
    0,
    0,
    0,
    0,
    0,
    0,
    0,
    0,
    0,
    0,
    0,
    0,
    0,
    0,
    0,
    0,
    0,
    0,
    0,
    0,
    0,
    0,
    0,
    0,
    0
  ],
  "noise_multipliers": [
    0.5,
    0.5,
    0.5,
    0.5,
    0.5,
    0.5,
    1.0,
    1.0,
    0.5,
    0.5,
    1.0,
    1.0,
    1.0,
    1.0,
    1.0,
    1.0,
    0.5,
    1.0,
    0.5,
    1.0,
    0.5,
    0.5,
    1.0,
    0.5,
    1.0,
    1.0,
    1.0,
    1.0,
    0.5,
    1.0,
    1.0,
    0.5,
    1.0,
    1.0,
    1.0,
    1.0,
    0.5,
    1.0,
    1.0,
    1.0,
    1.0,
    1.0,
    1.0,
    1.0,
    1.0,
    1.0,
    1.0,
    1.0,
    1.0,
    1.0,
    1.0,
    1.0,
    1.0,
    1.0,
    1.0,
    1.0,
    1.0,
    1.0,
    1.0,
    1.0,
    1.0,
    1.0,
    1.0,
    1.0,
    1.0,
    1.0,
    1.0,
    1.0,
    1.0,
    1.0,
    1.0,
    1.0,
    1.0,
    1.0,
    1.0,
    1.0,
    1.0,
    1.0,
    1.0,
    1.0,
    1.0,
    0.5,
    1.0,
    1.0,
    1.0,
    1.0,
    1.0,
    1.0,
    1.0,
    1.0,
    1.0,
    1.0,
    1.0,
    1.0,
    1.0,
    1.0,
    1.0,
    1.0,
    1.0,
    1.0
  ],
  "candidate_labels": [
    1,
    0,
    3,
    0,
    0,
    0,
    6,
    5,
    2,
    0,
    2,
    3,
    3,
    2,
    7,
    6,
    0,
    3,
    1,
    4,
    5,
    5,
    4,
    0,
    5,
    5,
    5,
    4,
    7,
    3,
    6,
    0,
    6,
    4,
    5,
    5,
    7,
    4,
    7,
    4,
    0,
    5,
    1,
    8,
    1,
    7,
    1,
    1,
    6,
    3,
    2,
    0,
    1,
    9,
    7,
    3,
    8,
    8,
    0,
    8,
    4,
    2,
    6,
    6,
    5,
    9,
    9,
    3,
    7,
    9,
    8,
    1,
    8,
    4,
    4,
    8,
    3,
    8,
    4,
    9,
    5,
    1,
    3,
    7,
    9,
    0,
    8,
    0,
    9,
    8,
    4,
    8,
    9,
    9,
    5,
    3,
    5,
    5,
    1,
    2
  ],
  "last_submit_score": 0.878218572491501,
  "timestamp": "2026-02-15 10:04:15"
}