{
  "completed_step": 4,
  "total_scored": 1000,
  "last_submit_score": 0.8898278428964086,
  "phase4_iteration": 9,
  "phase4_temperature": 0.0608184846923652
}